종목코드,자본총계(원),총주식수
171090,143800000000.0,9363622
298000,369300000000.0,3768072
008500,19300000000.0,6000000
016880,177900000000.0,78462571
278470,445800000000.0,37438155
036000,255800000000.0,23034277
187420,40900000000.0,32424001
123330,41000000000.0,7824686
177350,41300000000.0,19614225
950170,183200000000.0,48773115
419530,81000000000.0,9382907
257720,457400000000.0,65453052
458870,39600000000.0,38059740
096630,88700000000.0,15666323
483650,198600000000.0,12421540
043260,250800000000.0,70922823
067290,40700000000.0,55880525
124500,125400000000.0,23204527
300080,17200000000.0,16505451
065150,24300000000.0,15575840
083650,177600000000.0,30942134
184230,34500000000.0,18645399
041510,1002600000000.0,22894690
000660,120516200000000.0,690911085
092600,39100000000.0,4422588
137080,116300000000.0,10766468
267260,2028800000000.0,35992704
071970,488900000000.0,33921473
211050,216300000000.0,49260557
196170,445200000000.0,53510135
143240,267000000000.0,10498731
326030,813000000000.0,78313250
006620,151700000000.0,27042108
005690,123900000000.0,59991064
402340,27636500000000.0,131808151
046940,156700000000.0,18074350
002960,140400000000.0,1300000
003230,1255400000000.0,7533015
019180,224700000000.0,18000000
082740,556100000000.0,83425535
068790,434100000000.0,22184124
047080,17300000000.0,24822362
039200,181300000000.0,38258176
088130,170100000000.0,17485314
100030,69500000000.0,2598226
042700,690300000000.0,94853002
443060,824700000000.0,44833460
263700,68500000000.0,19399979
439260,1092400000000.0,38088730
052400,258600000000.0,14371231
339950,73800000000.0,43363770
036830,1735400000000.0,20445981
010770,127400000000.0,14388961
272110,96700000000.0,7830739
013520,283300000000.0,46905242
003350,104700000000.0,18125035
032620,141500000000.0,50783840
007660,755500000000.0,73409219
064350,3079000000000.0,109142293
226590,47300000000.0,10716784
035900,620600000000.0,33133059
062040,585500000000.0,30555097
353810,107200000000.0,33081920
090080,62100000000.0,54902259
036620,134000000000.0,89862944
092130,42700000000.0,12043600
204620,140000000000.0,70272633
258790,15400000000.0,3985624
001840,8900000000.0,28255354
450950,46800000000.0,37627592
059090,115200000000.0,31496097
019010,390600000000.0,40200000
066360,100700000000.0,47952015
033100,239300000000.0,16062409
206650,175400000000.0,36573307
214450,689300000000.0,10389648
002990,247800000000.0,37026933
260970,86200000000.0,2892754
045340,36600000000.0,8372749
154040,52600000000.0,17950094
019540,191800000000.0,13213126
010280,99400000000.0,13024755
214150,553000000000.0,65153528
031820,229000000000.0,12105146
461300,204400000000.0,12703464
100840,364700000000.0,19761108
484870,194700000000.0,9153900
018290,242400000000.0,34636358
336570,157400000000.0,88731173
403870,308200000000.0,81262870
003080,153600000000.0,19588021
476060,72000000000.0,45407840
298040,2351700000000.0,9311741
000910,107800000000.0,15611619
052460,46500000000.0,12157936
065710,81900000000.0,5033519
075580,228500000000.0,56849456
033500,258900000000.0,29941263
031440,357900000000.0,3615451
002380,7824500000000.0,7060596
096760,267000000000.0,69190827
192820,558200000000.0,11345662
067160,467000000000.0,10656904
136490,563100000000.0,23779208
036120,32100000000.0,33740761
090850,109300000000.0,21209445
036580,207200000000.0,35018836
383220,1878700000000.0,37481574
064820,301400000000.0,30860215
049720,63000000000.0,14290016
224060,118700000000.0,5133445
098120,81300000000.0,8312766
004920,73200000000.0,52179872
462870,921200000000.0,57596385
265560,92600000000.0,10690180
042660,6170300000000.0,306357807
138040,10322600000000.0,163558176
381970,223900000000.0,48820848
098070,162400000000.0,11121141
058470,731200000000.0,75895600
114840,104500000000.0,17029455
148150,235800000000.0,33987221
259630,102000000000.0,11899483
069620,1006100000000.0,11506270
368770,45800000000.0,32760225
077970,343000000000.0,40138766
484590,156500000000.0,41210450
229640,209200000000.0,30624879
173130,64700000000.0,13043084
408920,79500000000.0,42360204
094280,75100000000.0,11038365
101490,303000000000.0,20829604
090150,46200000000.0,39715836
001450,5157500000000.0,79308500
119850,218800000000.0,16022905
323350,18800000000.0,8006301
340570,201200000000.0,8017131
010820,82500000000.0,48771938
079900,155500000000.0,14529068
017800,1352100000000.0,36105062
006910,110200000000.0,48929824
034950,132300000000.0,4460871
418470,86900000000.0,8565789
080580,50400000000.0,20614442
189860,38400000000.0,9698780
039130,147500000000.0,14665179
143540,30700000000.0,43686800
089890,74000000000.0,16584962
200670,299600000000.0,11081996
031980,506400000000.0,21562395
207940,7451100000000.0,46239518
015760,48169900000000.0,641964077
084440,7600000000.0,18232042
425420,109200000000.0,12037463
093520,125700000000.0,6167678
013700,112400000000.0,59750830
017960,580200000000.0,51074372
462860,73100000000.0,70798620
241710,252700000000.0,10680000
080220,227100000000.0,33683104
079550,1430100000000.0,21845250
012450,9684900000000.0,51448788
103590,588700000000.0,47677269
187790,42700000000.0,30668361
069510,235000000000.0,8410000
000540,836900000000.0,64242645
329180,9341600000000.0,104961225
071050,12010300000000.0,52738513
377460,56800000000.0,62055687
082920,330500000000.0,44934528
073240,2029400000000.0,287260287
183300,270300000000.0,10084626
123410,260500000000.0,27841059
104460,149800000000.0,9470498
469610,61800000000.0,8934900
462980,22100000000.0,18234437
021240,3613700000000.0,70128913
086280,10351200000000.0,75000000
215200,497100000000.0,10353256
039490,6704400000000.0,26228316
333430,45800000000.0,30680679
009540,13286100000000.0,70714630
020710,185600000000.0,18863265
204610,95400000000.0,50224832
005830,10880800000000.0,60643469
227950,127700000000.0,34508209
018500,133000000000.0,46744805
080160,92500000000.0,18900000
030190,463900000000.0,58373440
064400,2932800000000.0,96885948
001060,369400000000.0,22549518
099410,49800000000.0,13946055
179290,125900000000.0,32365678
089970,177200000000.0,24771995
318160,56700000000.0,8358060
037460,484400000000.0,14167507
481070,68500000000.0,14260000
265740,65400000000.0,17863600
067730,21000000000.0,9673922
003720,85500000000.0,32923945
140860,225100000000.0,6954230
051360,280000000000.0,14917843
307280,42700000000.0,6805997
031330,486100000000.0,97545067
060250,294600000000.0,37716317
058860,238500000000.0,30573062
014940,125400000000.0,45547289
042000,265900000000.0,24103284
083450,301200000000.0,17949419
295310,90100000000.0,12027291
003090,1176600000000.0,40890710
145020,950300000000.0,10797092
950140,164600000000.0,19867866
007610,35700000000.0,16969019
356860,126100000000.0,9722630
012510,615200000000.0,25686600
023590,3446400000000.0,43150849
007370,159900000000.0,14134587
078520,86600000000.0,23538627
402490,69900000000.0,16693064
332570,130400000000.0,46158109
053270,154000000000.0,27410405
095610,391800000000.0,17734126
012280,81500000000.0,48594505
198080,131600000000.0,21535185
303360,30700000000.0,12879715
332370,69000000000.0,11921444
282330,1313100000000.0,17275015
020180,38900000000.0,38428915
041930,186800000000.0,14585633
473980,103700000000.0,11057322
053060,40300000000.0,17656882
319660,538900000000.0,28966714
472850,234400000000.0,57563696
003650,479400000000.0,1512979
036030,303100000000.0,49019141
015360,645400000000.0,22195000
068930,138300000000.0,25575628
041190,776400000000.0,77871156
214430,139700000000.0,7307215
194370,527400000000.0,29016758
105550,128400000000.0,71663306
064850,68900000000.0,11410332
096240,47000000000.0,8435607
017510,90100000000.0,15246000
445180,107500000000.0,17189188
290120,99300000000.0,15824249
327260,52800000000.0,8493704
007340,2007300000000.0,51762270
033250,45400000000.0,6400000
458350,15400000000.0,8683200
194700,253100000000.0,17754848
080470,60400000000.0,7300000
092730,195400000000.0,15641256
039420,66000000000.0,20246557
016670,86100000000.0,10187750
190510,171700000000.0,14085317
264660,143200000000.0,9419458
071320,2301400000000.0,11578744
448710,53800000000.0,4557542
032190,1610400000000.0,38300000
030720,56400000000.0,4653805
161890,910400000000.0,23605077
134380,173600000000.0,19387530
053800,373500000000.0,8988347
010120,2069800000000.0,148785350
482630,119300000000.0,21888280
071200,191700000000.0,24376453
053610,348600000000.0,7000000
241520,125800000000.0,25800969
254490,110200000000.0,14438000
007980,284600000000.0,45063280
114810,210300000000.0,27351367
059100,44300000000.0,6459240
128940,1249800000000.0,12689111
139670,25400000000.0,14118810
004800,2443600000000.0,16717604
214180,222300000000.0,12583567
014680,1080500000000.0,10902899
268280,448500000000.0,4814431
052690,625000000000.0,38043505
045390,154300000000.0,70473377
003480,444700000000.0,26089504
033640,123600000000.0,23059202
388050,42100000000.0,18709437
479960,40700000000.0,6851000
023760,754100000000.0,312890575
176750,49200000000.0,28344712
033530,522400000000.0,27052299
047400,19600000000.0,42000000
452280,68300000000.0,19246420
178780,41900000000.0,18636980
052860,35300000000.0,16490109
005710,584500000000.0,20037600
000950,227500000000.0,1139470
009320,33300000000.0,49299770
069730,188000000000.0,14400000
086670,149400000000.0,9925885
147830,86200000000.0,19151979
011560,271200000000.0,9819744
244920,169700000000.0,22607693
092460,198700000000.0,17109680
028050,4740700000000.0,196000000
290560,26300000000.0,21993795
373160,45400000000.0,13644442
010140,4148900000000.0,854035571
025880,80100000000.0,15785136
030000,1572300000000.0,101278725
083930,221800000000.0,13777247
097520,385500000000.0,16201072
018120,91600000000.0,6617764
234080,220600000000.0,15484554
249420,246400000000.0,31508117
064760,519300000000.0,11179416
294570,170500000000.0,10069761
110990,237200000000.0,18633328
272290,393300000000.0,18831242
094820,145000000000.0,15078709
039830,175600000000.0,9709731
066620,323900000000.0,6766661
002800,74800000000.0,15170500
035150,258600000000.0,20028841
008930,961900000000.0,67751141
053300,204000000000.0,38033211
459550,48300000000.0,24656533
001560,108700000000.0,6640000
403850,184100000000.0,14351010
115500,19700000000.0,12000000
016360,8068100000000.0,89300000
054040,164500000000.0,13197682
001620,263300000000.0,22258606
136410,71600000000.0,10475646
021080,204500000000.0,45994575
000270,61187900000000.0,388656043
054950,233900000000.0,11536989
096610,14400000000.0,17386411
023450,54500000000.0,3349314
264450,195800000000.0,14665493
011760,692700000000.0,12010966
088390,175100000000.0,9385834
009780,189200000000.0,17600000
005850,2552500000000.0,46055462
009970,3015200000000.0,11604898
236200,271100000000.0,6941083
037270,188600000000.0,63663110
003280,255000000000.0,240424899
111770,4092300000000.0,42560112
052790,256900000000.0,10924547
088910,239500000000.0,25721764
263860,62200000000.0,8653420
101160,346600000000.0,16510993
060850,53800000000.0,8131000
000990,2142400000000.0,42008174
136480,325400000000.0,106187182
052420,281300000000.0,9742009
213420,451800000000.0,24562915
453340,729500000000.0,32269023
006800,13303600000000.0,439383960
175330,5914600000000.0,185444444
330730,93800000000.0,17502096
009240,399800000000.0,16600322
417180,31100000000.0,3508794
251970,294500000000.0,12398386
102710,447600000000.0,14287836
058630,136900000000.0,19202574
317450,794400000000.0,14600000
009450,770500000000.0,14452932
010690,571400000000.0,34748441
215360,120800000000.0,9132163
000300,36200000000.0,41437055
290550,202800000000.0,20001230
065690,58900000000.0,11620018
227840,320100000000.0,8821701
138610,45800000000.0,11367793
290270,50400000000.0,9225919
079960,440900000000.0,7551658
243070,373900000000.0,11651765
035890,1083600000000.0,185368615
226400,67500000000.0,20061165
033780,9279600000000.0,92944267
005940,9433300000000.0,355660698
475150,273000000000.0,34044181
271980,211100000000.0,14704872
067280,230500000000.0,5926779
284740,1084600000000.0,22422380
094850,99100000000.0,13392817
036890,297500000000.0,20234280
012030,449200000000.0,191030533
130580,115600000000.0,15400000
053580,111200000000.0,12565408
417790,109400000000.0,10351715
006040,3528000000000.0,44139043
009180,143600000000.0,28149134
058850,212700000000.0,37938729
192400,1321700000000.0,31078385
240550,122900000000.0,20933940
081580,113000000000.0,15204699
007810,439800000000.0,23982620
297090,101000000000.0,27270000
051500,455200000000.0,11871586
009770,287000000000.0,2499971
054670,139900000000.0,14035289
378850,166900000000.0,18990786
003010,127600000000.0,9797756
297570,46400000000.0,33936096
036800,396000000000.0,8735950
025770,335800000000.0,35145194
212560,137600000000.0,11811835
081660,1932100000000.0,52660639
443250,48300000000.0,10927204
137400,692900000000.0,23304599
038390,201300000000.0,16720822
013030,454400000000.0,11768144
297890,246200000000.0,73140914
192080,1185900000000.0,19456465
016740,276200000000.0,28360974
100220,199800000000.0,12251515
049520,201400000000.0,30370586
009410,607600000000.0,297584728
474610,49400000000.0,14114220
121890,12000000000.0,13291446
005440,4000100000000.0,152483716
027710,282100000000.0,110602261
262840,52900000000.0,10229730
033240,444700000000.0,20524522
352090,93800000000.0,26872998
051370,310400000000.0,23327472
187870,161000000000.0,13466902
054800,371800000000.0,8713433
013580,945600000000.0,8918147
014970,57300000000.0,14825000
061090,176200000000.0,5474979
114090,441500000000.0,61855670
044820,275500000000.0,9554839
451250,44400000000.0,9824377
000810,21257800000000.0,39828296
000500,483800000000.0,16543115
037030,152200000000.0,25507359
037350,274000000000.0,14953000
290720,35000000000.0,35122142
024800,530500000000.0,33398928
285490,158900000000.0,9701719
005930,424313300000000.0,5764191903
083500,83800000000.0,7726377
232680,35700000000.0,12806772
012630,2920900000000.0,49501701
050890,352700000000.0,59923145
000370,2669600000000.0,115620426
080010,141000000000.0,9232581
129890,62100000000.0,45545602
036570,3364900000000.0,19473333
010240,118300000000.0,11485209
457550,51100000000.0,9318958
023160,624600000000.0,25867242
036640,129600000000.0,16354800
206640,231300000000.0,21707921
080530,58700000000.0,10954664
002840,416400000000.0,4496304
259960,7041400000000.0,42535298
128660,73800000000.0,24803369
054540,80200000000.0,13000000
095340,536600000000.0,21142451
196700,40400000000.0,14364144
014580,235500000000.0,27583100
003780,67100000000.0,13000000
322000,417800000000.0,11200000
281820,530200000000.0,19734079
263020,76800000000.0,13646146
015750,1696400000000.0,79991593
464280,42800000000.0,5288500
047810,1830200000000.0,97475107
271560,3808700000000.0,39528788
078150,285100000000.0,88854618
005430,405200000000.0,3058211
086450,663700000000.0,45110727
131290,391300000000.0,11061429
012750,1756300000000.0,33810239
310200,119600000000.0,52162836
337930,116200000000.0,29676475
009470,94000000000.0,6613820
041830,317800000000.0,13341476
004140,175700000000.0,47794806
290740,73200000000.0,9571470
039010,106800000000.0,7769000
035610,212600000000.0,27345997
001750,581800000000.0,12728534
005960,561200000000.0,22974525
307950,1847100000000.0,27423982
267250,10116400000000.0,70668430
030200,17655700000000.0,240145151
001360,121000000000.0,94120296
032850,73700000000.0,15101114
017370,166600000000.0,15201781
097230,669600000000.0,90289403
136540,184800000000.0,10683798
094970,144500000000.0,16712134
309960,127000000000.0,22995443
059210,124300000000.0,27171445
042420,350300000000.0,6165190
457370,59300000000.0,7858920
002810,607300000000.0,17922858
251120,69800000000.0,8528949
237690,593400000000.0,20847927
